Alert,Dates,Time,Lat,Longs,Vehicle,Speed
cas_ldw,01-06-2022,05:36:36,12.887403,80.083412,2846,48
cas_ldw,01-06-2022,05:36:47,12.892586,80.085794,2846,58
cas_ldw,01-06-2022,05:37:04,12.894932,80.087564,2846,57
cas_ldw,01-06-2022,05:37:31,12.898267,80.090062,2846,49
cas_ldw,01-06-2022,05:38:08,12.901594,80.092538,2846,58
cas_ldw,01-06-2022,05:38:21,12.903877,80.094272,2846,54
cas_ldw,01-06-2022,05:38:41,12.906194,80.095953,2846,58
cas_ldw,01-06-2022,05:40:21,12.915664,80.103135,2846,62
cas_ldw,01-06-2022,05:41:17,12.918451,80.109058,2846,51
cas_ldw,01-06-2022,05:41:25,12.919239,80.110028,2846,47
cas_ldw,01-06-2022,05:41:58,12.923053,80.114106,2846,57
cas_hmw,01-06-2022,05:43:03,12.92877,80.119872,2846,42
cas_hmw,01-06-2022,05:44:06,12.932561,80.123647,2846,38
cas_hmw,01-06-2022,05:45:13,12.936615,80.127451,2846,27
cas_ldw,01-06-2022,06:04:38,12.957073,80.14356,2846,39
cas_ldw,01-06-2022,06:09:56,12.980898,80.165679,2846,53
cas_ldw,01-06-2022,06:10:08,12.980898,80.165679,2846,53
cas_ldw,01-06-2022,06:13:08,12.992264,80.182428,2846,54
cas_ldw,01-06-2022,06:19:23,13.010352,80.215922,2846,50
cas_ldw,01-06-2022,06:19:42,13.010352,80.215922,2846,50
cas_hmw,01-06-2022,06:20:31,13.012897,80.221989,2846,49
cas_ldw,01-06-2022,06:24:57,13.024305,80.228471,2846,0
cas_hmw,01-06-2022,06:27:15,13.031173,80.239814,2846,28
cas_hmw,01-06-2022,06:30:10,13.039036,80.246748,2846,17
cas_hmw,01-06-2022,06:30:49,13.042432,80.247439,2846,37
cas_hmw,01-06-2022,06:32:21,13.053062,80.251879,2846,56
cas_pcw,01-06-2022,06:34:05,13.060628,80.25437,2846,42
cas_fcw,01-06-2022,06:34:09,13.061608,80.254414,2846,26
cas_fcw,01-06-2022,06:34:11,13.061608,80.254414,2846,26
cas_hmw,01-06-2022,07:12:09,13.071684,80.259156,2846,23
cas_hmw,01-06-2022,07:13:04,13.073034,80.261821,2846,20
cas_hmw,01-06-2022,07:15:40,13.068967,80.267456,2846,28
cas_pcw,01-06-2022,07:17:05,13.066903,80.273656,2846,18
cas_pcw,01-06-2022,07:18:38,13.062345,80.274259,2846,23
cas_pcw,01-06-2022,07:19:59,13.061044,80.274416,2846,9
cas_pcw,01-06-2022,07:21:40,13.056923,80.273946,2846,25
cas_hmw,01-06-2022,07:29:09,13.05436,80.258608,2846,42
cas_hmw,01-06-2022,07:29:25,13.054712,80.254456,2846,21
cas_hmw,01-06-2022,07:29:33,13.053204,80.252145,2846,46
cas_pcw,01-06-2022,07:30:19,13.049029,80.249786,2846,39
cas_hmw,01-06-2022,07:32:45,13.040589,80.24727,2846,34
cas_hmw,01-06-2022,07:32:53,13.03978,80.247116,2846,29
cas_hmw,01-06-2022,07:32:58,13.03978,80.247116,2846,29
cas_ldw,01-06-2022,07:33:20,13.036987,80.246466,2846,54
cas_hmw,01-06-2022,07:33:53,13.034943,80.245836,2846,18
cas_hmw,01-06-2022,07:36:58,13.026211,80.232366,2846,18
cas_hmw,01-06-2022,07:38:04,13.02456,80.22893,2846,24
cas_hmw,01-06-2022,07:38:37,13.023507,80.227613,2846,36
cas_hmw,01-06-2022,07:38:45,13.022054,80.226318,2846,37
cas_hmw,01-06-2022,07:38:55,13.021284,80.225772,2846,34
cas_hmw,01-06-2022,07:42:02,13.012879,80.226848,2846,44
cas_hmw,01-06-2022,07:42:31,13.009793,80.226996,2846,39
cas_hmw,01-06-2022,07:43:35,13.011305,80.223556,2846,10
cas_hmw,01-06-2022,07:43:52,13.011501,80.223093,2846,29
cas_hmw,01-06-2022,07:45:53,13.010958,80.217332,2846,52
cas_hmw,01-06-2022,07:47:21,13.010101,80.214912,2846,51
cas_hmw,01-06-2022,07:47:27,13.009668,80.2136,2846,55
cas_hmw,01-06-2022,07:47:32,13.009668,80.2136,2846,55
cas_hmw,01-06-2022,07:48:53,13.008908,80.211645,2846,28
cas_hmw,01-06-2022,07:51:03,13.003073,80.200804,2846,42
cas_hmw,01-06-2022,07:51:12,13.000922,80.195361,2846,34
cas_hmw,01-06-2022,07:53:16,12.989675,80.179192,2846,0
cas_ldw,01-06-2022,07:54:21,12.98962,80.17912,2846,15
cas_hmw,01-06-2022,07:54:27,12.986855,80.175451,2846,50
cas_ldw,01-06-2022,07:54:39,12.986855,80.175451,2846,50
cas_ldw,01-06-2022,07:55:08,12.986572,80.175039,2846,0
cas_hmw,01-06-2022,07:55:13,12.986581,80.175037,2846,0
cas_ldw,01-06-2022,07:56:12,12.985944,80.174062,2846,45
cas_ldw,01-06-2022,07:57:01,12.985944,80.174062,2846,45
cas_hmw,01-06-2022,07:57:22,12.985184,80.172958,2846,56
cas_hmw,01-06-2022,07:59:27,12.980644,80.165306,2846,58
cas_hmw,01-06-2022,08:00:36,12.972456,80.151849,2846,24
cas_hmw,01-06-2022,08:00:38,12.972404,80.151786,2846,0
cas_hmw,01-06-2022,08:01:37,12.966983,80.148989,2846,12
cas_hmw,01-06-2022,08:02:04,12.96606,80.148542,2846,29
cas_ldw,01-06-2022,08:04:14,12.955655,80.142948,2846,28
cas_ldw,01-06-2022,08:04:21,12.954831,80.142517,2846,41
cas_hmw,01-06-2022,08:04:39,12.953242,80.141675,2846,21
cas_hmw,01-06-2022,08:04:50,12.953242,80.141675,2846,21
cas_hmw,01-06-2022,08:05:22,12.951464,80.140379,2846,30
cas_ldw,01-06-2022,08:05:54,12.947855,80.137546,2846,52
cas_hmw,01-06-2022,08:05:56,12.947855,80.137546,2846,52
cas_hmw,01-06-2022,08:07:51,12.93565,80.126782,2846,27
cas_hmw,01-06-2022,08:08:05,12.934934,80.126131,2846,44
cas_hmw,01-06-2022,08:08:12,12.934045,80.125261,2846,52
cas_hmw,01-06-2022,08:08:55,12.930063,80.121326,2846,54
cas_hmw,01-06-2022,08:11:13,12.926884,80.118105,2846,12
cas_ldw,01-06-2022,08:11:27,12.926884,80.118105,2846,12
cas_ldw,01-06-2022,08:12:23,12.926447,80.117631,2846,23
cas_ldw,01-06-2022,08:12:38,12.925127,80.116272,2846,38
cas_hmw,01-06-2022,08:13:18,12.920216,80.111283,2846,58
cas_hmw,01-06-2022,08:13:34,12.917444,80.10787,2846,54
cas_hmw,01-06-2022,08:14:03,12.910552,80.101074,2846,52
cas_hmw,01-06-2022,08:14:06,12.910552,80.101074,2846,52
cas_pcw,01-06-2022,08:17:22,12.906203,80.096338,2846,0
cas_hmw,01-06-2022,08:17:53,12.90601,80.096193,2846,16
cas_hmw,01-06-2022,08:18:06,12.905251,80.095648,2846,19
cas_ldw,01-06-2022,08:18:37,12.904063,80.094763,2846,34
cas_hmw,01-06-2022,08:19:24,12.900835,80.092213,2846,49
cas_ldw,01-06-2022,08:19:47,12.899776,80.091433,2846,53
cas_hmw,01-06-2022,08:20:47,12.886148,80.083047,2846,61
cas_ldw,01-06-2022,11:37:13,12.883423,80.081633,2846,39
cas_ldw,01-06-2022,11:39:39,12.888186,80.072965,2846,51
cas_ldw,01-06-2022,11:40:27,12.899835,80.070503,2846,47
cas_ldw,01-06-2022,11:40:44,12.903626,80.071327,2846,51
cas_ldw,01-06-2022,11:41:42,12.916262,80.075306,2846,56
cas_ldw,01-06-2022,11:42:02,12.91892,80.076137,2846,53
cas_ldw,01-06-2022,11:42:18,12.921342,80.076843,2846,53
cas_ldw,01-06-2022,11:42:39,12.924206,80.077729,2846,58
cas_ldw,01-06-2022,11:44:51,12.93394,80.081321,2846,52
cas_ldw,01-06-2022,11:46:02,12.943832,80.084967,2846,61
cas_ldw,01-06-2022,11:46:41,12.947817,80.086464,2846,52
cas_ldw,01-06-2022,11:46:59,12.950664,80.087538,2846,55
cas_ldw,01-06-2022,11:47:40,12.955171,80.089269,2846,0
cas_pcw,01-06-2022,11:50:19,12.966529,80.090406,2846,10
cas_ldw,02-06-2022,05:46:33,12.892903,80.086001,2846,49
cas_ldw,02-06-2022,05:51:14,12.916717,80.106507,2846,51
cas_ldw,02-06-2022,05:51:56,12.920005,80.11101,2846,57
cas_ldw,02-06-2022,05:52:27,12.922984,80.11407,2846,55
cas_fcw,02-06-2022,05:52:51,12.92584,80.116953,2846,0
cas_hmw,02-06-2022,05:55:25,12.927967,80.119092,2846,26
cas_hmw,02-06-2022,05:56:03,12.929972,80.121041,2846,15
cas_hmw,02-06-2022,05:56:08,12.929972,80.121041,2846,15
cas_ldw,02-06-2022,05:58:45,12.941115,80.131635,2846,57
cas_ldw,02-06-2022,05:59:48,12.944165,80.134611,2846,53
cas_ldw,02-06-2022,06:00:23,12.948817,80.138128,2846,54
cas_ldw,02-06-2022,06:05:59,12.973143,80.152834,2846,52
cas_ldw,02-06-2022,06:07:20,12.97936,80.161887,2846,53
cas_ldw,02-06-2022,06:11:27,12.993002,80.183599,2846,56
cas_hmw,02-06-2022,06:18:37,13.008977,80.211592,2846,32
cas_ldw,02-06-2022,06:19:37,13.011692,80.219054,2846,46
cas_ldw,02-06-2022,06:22:03,13.023262,80.227293,2846,53
cas_hmw,02-06-2022,06:23:30,13.027952,80.235308,2846,50
cas_hmw,02-06-2022,06:24:28,13.031689,80.240882,2846,39
cas_hmw,02-06-2022,06:24:42,13.03251,80.24244,2846,31
cas_hmw,02-06-2022,06:24:43,13.03251,80.24244,2846,31
cas_hmw,02-06-2022,06:25:16,13.033906,80.244356,2846,38
cas_hmw,02-06-2022,06:27:00,13.039808,80.246977,2846,36
cas_hmw,02-06-2022,06:27:35,13.043725,80.247717,2846,42
cas_hmw,02-06-2022,06:28:15,13.047013,80.248342,2846,41
cas_hmw,02-06-2022,06:28:34,13.048501,80.24952,2846,26
cas_hmw,02-06-2022,06:29:30,13.052857,80.25164,2846,48
cas_hmw,02-06-2022,07:07:54,13.066447,80.245731,2846,33
cas_hmw,02-06-2022,07:11:34,13.070818,80.25826,2846,38
cas_pcw,02-06-2022,07:13:56,13.071636,80.264641,2846,29
cas_pcw,02-06-2022,07:14:47,13.070698,80.265576,2846,19
cas_pcw,02-06-2022,07:18:34,13.062696,80.274187,2846,27
cas_pcw,02-06-2022,07:24:57,13.053971,80.273805,2846,8
cas_pcw,02-06-2022,07:25:39,13.052988,80.272508,2846,8
cas_pcw,02-06-2022,07:26:28,13.053218,80.270639,2846,23
cas_pcw,02-06-2022,07:26:38,13.053255,80.269981,2846,27
cas_pcw,02-06-2022,07:26:43,13.053325,80.269389,2846,22
cas_pcw,02-06-2022,07:27:16,13.053386,80.268825,2846,5
cas_hmw,02-06-2022,07:31:44,13.047175,80.248611,2846,43
cas_hmw,02-06-2022,07:32:43,13.045476,80.248232,2846,24
cas_hmw,02-06-2022,07:33:02,13.043787,80.247896,2846,39
cas_hmw,02-06-2022,07:33:20,13.041753,80.247491,2846,39
cas_hmw,02-06-2022,07:34:41,13.038555,80.246894,2846,27
cas_hmw,02-06-2022,07:36:58,13.033777,80.244326,2846,42
cas_hmw,02-06-2022,07:38:44,13.030104,80.238219,2846,35
cas_hmw,02-06-2022,07:39:15,13.027927,80.235419,2846,56
cas_hmw,02-06-2022,07:43:12,13.014956,80.226016,2846,31
cas_hmw,02-06-2022,07:45:53,13.01157,80.222912,2846,26
cas_hmw,02-06-2022,07:46:12,13.012153,80.221208,2846,26
cas_ldw,02-06-2022,07:47:57,13.00837,80.210195,2846,51
cas_pcw,02-06-2022,07:49:00,13.00614,80.203131,2846,28
cas_hmw,02-06-2022,07:49:32,13.004304,80.201143,2846,43
cas_hmw,02-06-2022,07:50:09,13.001893,80.199991,2846,37
cas_hmw,02-06-2022,07:51:10,13.000761,80.195175,2846,40
cas_hmw,02-06-2022,07:52:04,12.997672,80.191256,2846,53
cas_hmw,02-06-2022,07:53:46,12.99265,80.183102,2846,45
cas_hmw,02-06-2022,07:54:30,12.988661,80.177906,2846,41
cas_fcw,02-06-2022,07:55:39,12.985476,80.173366,2846,41
cas_hmw,02-06-2022,07:56:22,12.982844,80.16913,2846,46
cas_hmw,02-06-2022,07:56:27,12.982844,80.16913,2846,46
cas_hmw,02-06-2022,07:58:15,12.979899,80.163054,2846,18
cas_ldw,02-06-2022,07:59:05,12.975878,80.156882,2846,54
cas_hmw,02-06-2022,08:01:13,12.967817,80.149427,2846,31
cas_hmw,02-06-2022,08:03:44,12.960573,80.145556,2846,35
cas_hmw,02-06-2022,08:05:27,12.955536,80.142927,2846,22
cas_hmw,02-06-2022,08:05:37,12.954872,80.14255,2846,30
cas_hmw,02-06-2022,08:05:41,12.954189,80.142173,2846,31
cas_hmw,02-06-2022,08:05:43,12.954189,80.142173,2846,31
cas_hmw,02-06-2022,08:06:13,12.952595,80.14122,2846,28
cas_ldw,02-06-2022,08:07:11,12.947685,80.137453,2846,52
cas_hmw,02-06-2022,08:07:44,12.944338,80.134846,2846,51
cas_hmw,02-06-2022,08:07:59,12.943392,80.134063,2846,41
cas_hmw,02-06-2022,08:08:32,12.940865,80.131439,2846,38
cas_hmw,02-06-2022,08:11:05,12.931454,80.122749,2846,29
cas_hmw,02-06-2022,08:11:39,12.929155,80.120344,2846,53
cas_ldw,02-06-2022,08:12:38,12.924546,80.115707,2846,55
cas_ldw,02-06-2022,08:12:56,12.922518,80.113681,2846,58
cas_hmw,02-06-2022,08:13:01,12.921514,80.11269,2846,48
cas_ldw,02-06-2022,08:13:44,12.918378,80.109039,2846,58
cas_ldw,02-06-2022,08:15:29,12.913738,80.101773,2846,49
cas_hmw,02-06-2022,08:15:34,12.912523,80.101516,2846,51
cas_hmw,02-06-2022,08:18:22,12.901998,80.093002,2846,41
cas_hmw,02-06-2022,08:18:50,12.898856,80.090648,2846,50
cas_ldw,02-06-2022,08:19:55,12.89563,80.088222,2846,44
cas_ldw,02-06-2022,08:19:59,12.89563,80.088222,2846,44
cas_hmw,02-06-2022,08:20:30,12.891148,80.085098,2846,56
cas_hmw,02-06-2022,08:20:55,12.888983,80.084178,2846,50
cas_ldw,02-06-2022,08:21:17,12.886405,80.083164,2846,58
cas_ldw,02-06-2022,08:21:21,12.885058,80.0826,2846,58
cas_pcw,02-06-2022,16:34:13,12.878987,80.080402,2846,3
cas_hmw,02-06-2022,16:34:27,12.879365,80.079999,2846,14
cas_hmw,02-06-2022,16:34:28,12.879365,80.079999,2846,14
cas_ldw,02-06-2022,16:36:48,12.886937,80.083183,2846,57
cas_ldw,02-06-2022,16:37:01,12.889601,80.084285,2846,57
cas_hmw,02-06-2022,16:37:10,12.894458,80.087172,2846,57
cas_hmw,02-06-2022,16:47:21,12.926247,80.117359,2846,4
cas_hmw,02-06-2022,16:47:26,12.926336,80.117448,2846,12
cas_ldw,02-06-2022,16:51:02,12.938591,80.129181,2846,48
cas_ldw,02-06-2022,16:51:46,12.944278,80.134721,2846,49
cas_ldw,02-06-2022,16:51:57,12.944278,80.134721,2846,49
cas_hmw,02-06-2022,16:52:01,12.945341,80.13554,2846,56
cas_ldw,02-06-2022,16:52:20,12.945341,80.13554,2846,56
cas_hmw,02-06-2022,16:53:54,12.95187,80.140538,2846,50
cas_hmw,02-06-2022,16:55:41,12.957264,80.143684,2846,18
cas_hmw,02-06-2022,16:57:59,12.965357,80.148042,2846,30
cas_hmw,02-06-2022,16:58:14,12.965357,80.148042,2846,30
cas_ldw,02-06-2022,16:58:37,12.965357,80.148042,2846,30
cas_hmw,02-06-2022,16:58:43,12.966102,80.148442,2846,33
cas_hmw,02-06-2022,16:58:50,12.966102,80.148442,2846,33
cas_hmw,02-06-2022,16:59:58,12.975643,80.156426,2846,40
cas_hmw,02-06-2022,17:00:32,12.977543,80.159315,2846,0
cas_ldw,02-06-2022,17:01:30,12.981002,80.165851,2846,57
cas_ldw,02-06-2022,17:01:58,12.980053,80.163117,2846,53
cas_hmw,02-06-2022,17:05:51,12.991624,80.181502,2846,46
cas_hmw,02-06-2022,17:09:08,12.99811,80.19169,2846,36
cas_hmw,02-06-2022,17:11:16,13.001967,80.19856,2846,50
cas_fcw,02-06-2022,17:11:25,13.001901,80.199746,2846,39
cas_hmw,02-06-2022,17:11:59,13.003804,80.200898,2846,35
cas_hmw,02-06-2022,17:12:07,13.003804,80.200898,2846,35
cas_hmw,02-06-2022,17:12:08,13.003804,80.200898,2846,35
cas_fcw,02-06-2022,17:12:35,13.005876,80.202256,2846,43
cas_hmw,02-06-2022,17:14:22,13.007645,80.204986,2846,59
cas_fcw,02-06-2022,17:14:46,13.007645,80.204986,2846,59
cas_hmw,02-06-2022,17:15:21,13.010572,80.216359,2846,43
cas_hmw,02-06-2022,17:15:27,13.010572,80.216359,2846,43
cas_hmw,02-06-2022,17:15:40,13.011329,80.21811,2846,41
cas_hmw,02-06-2022,17:15:49,13.011713,80.219094,2846,45
cas_hmw,02-06-2022,17:18:36,13.018036,80.224705,2846,32
cas_hmw,02-06-2022,17:19:36,13.021846,80.226027,2846,0
cas_hmw,02-06-2022,17:19:38,13.021846,80.226027,2846,0
cas_hmw,02-06-2022,17:19:48,13.022584,80.226644,2846,27
cas_hmw,02-06-2022,17:20:19,13.024941,80.229302,2846,38
cas_hmw,02-06-2022,17:22:43,13.027232,80.23399,2846,46
cas_hmw,02-06-2022,17:23:10,13.029163,80.236695,2846,44
cas_hmw,02-06-2022,17:23:11,13.029163,80.236695,2846,44
cas_hmw,02-06-2022,17:24:00,13.029163,80.236695,2846,44
cas_hmw,02-06-2022,17:24:31,13.029163,80.236695,2846,44
cas_hmw,02-06-2022,17:31:03,13.039127,80.246799,2846,18
cas_hmw,02-06-2022,17:31:27,13.041584,80.247299,2846,39
cas_hmw,02-06-2022,17:31:30,13.041584,80.247299,2846,39
cas_hmw,02-06-2022,17:31:30,13.041584,80.247299,2846,39
cas_hmw,02-06-2022,17:31:53,13.043317,80.247668,2846,40
cas_hmw,02-06-2022,17:32:09,13.045072,80.247997,2846,21
cas_hmw,02-06-2022,17:32:42,13.04727,80.248475,2846,33
cas_hmw,02-06-2022,17:33:49,13.051143,80.250028,2846,30
cas_hmw,02-06-2022,17:34:56,13.054977,80.254496,2846,23
cas_hmw,02-06-2022,17:34:59,13.054977,80.254496,2846,23
cas_pcw,02-06-2022,17:35:58,13.057133,80.257141,2846,27
cas_hmw,02-06-2022,17:37:07,13.056418,80.256653,2846,26
cas_hmw,02-06-2022,17:37:09,13.056418,80.256653,2846,26
cas_hmw,02-06-2022,17:37:10,13.056418,80.256653,2846,26
cas_hmw,02-06-2022,17:37:12,13.056418,80.256653,2846,26
cas_hmw,02-06-2022,17:37:22,13.056042,80.256074,2846,27
cas_hmw,02-06-2022,17:37:30,13.055561,80.255502,2846,31
cas_hmw,02-06-2022,17:37:31,13.055561,80.255502,2846,31
cas_hmw,02-06-2022,17:38:18,13.054365,80.258714,2846,54
cas_hmw,02-06-2022,17:38:32,13.054269,80.259855,2846,37
cas_hmw,02-06-2022,17:38:33,13.054269,80.259855,2846,37
cas_hmw,02-06-2022,17:39:41,13.053837,80.264543,2846,33
cas_hmw,02-06-2022,17:39:47,13.053748,80.265506,2846,38
cas_pcw,02-06-2022,17:40:15,13.053571,80.267445,2846,19
cas_pcw,02-06-2022,17:40:37,13.053512,80.26825,2846,13
cas_pcw,02-06-2022,17:40:47,13.053479,80.268598,2846,13
cas_pcw,02-06-2022,17:41:28,13.053445,80.269357,2846,17
cas_pcw,02-06-2022,17:42:19,13.053376,80.270655,2846,8
cas_pcw,02-06-2022,17:42:24,13.053376,80.270655,2846,8
cas_pcw,02-06-2022,17:45:53,13.052881,80.273546,2846,3
cas_pcw,02-06-2022,17:46:25,13.055397,80.273794,2846,11
cas_pcw,02-06-2022,17:46:34,13.055851,80.273808,2846,28
cas_pcw,02-06-2022,17:46:42,13.055851,80.273808,2846,28
cas_pcw,02-06-2022,17:46:46,13.056522,80.273849,2846,24
cas_pcw,02-06-2022,17:47:21,13.057915,80.274011,2846,9
cas_pcw,02-06-2022,17:49:42,13.062065,80.274238,2846,24
cas_pcw,02-06-2022,17:49:53,13.062486,80.274196,2846,16
cas_pcw,02-06-2022,17:50:29,13.064313,80.273936,2846,5
cas_hmw,02-06-2022,17:51:40,13.066352,80.273718,2846,15
cas_pcw,02-06-2022,17:54:35,13.068837,80.267663,2846,17
cas_pcw,02-06-2022,17:56:49,13.070954,80.265193,2846,0
cas_hmw,02-06-2022,17:57:05,13.071461,80.26471,2846,19
cas_hmw,02-06-2022,17:57:06,13.071461,80.26471,2846,19
cas_hmw,02-06-2022,17:58:54,13.072862,80.262068,2846,25
cas_hmw,03-06-2022,07:13:40,13.072147,80.259668,2846,33
cas_hmw,03-06-2022,07:13:41,13.072147,80.259668,2846,33
cas_pcw,03-06-2022,07:13:51,13.072682,80.260275,2846,29
cas_pcw,03-06-2022,07:19:32,13.063512,80.274067,2846,13
cas_pcw,03-06-2022,07:25:44,13.05305,80.271983,2846,10
cas_hmw,03-06-2022,07:29:41,13.053281,80.252279,2846,47
cas_ldw,03-06-2022,07:30:55,13.048185,80.249483,2846,34
cas_ldw,03-06-2022,07:31:00,13.047371,80.248749,2846,50
cas_hmw,03-06-2022,07:31:31,13.047371,80.248749,2846,50
cas_hmw,03-06-2022,07:33:27,13.039199,80.247002,2846,17
cas_hmw,03-06-2022,07:33:30,13.038678,80.246897,2846,25
cas_hmw,03-06-2022,07:34:31,13.034289,80.245002,2846,36
cas_hmw,03-06-2022,07:34:55,13.033226,80.2437,2846,26
cas_hmw,03-06-2022,07:35:05,13.03275,80.243089,2846,32
cas_ldw,03-06-2022,07:35:12,13.032252,80.242223,2846,47
cas_hmw,03-06-2022,07:35:15,13.032252,80.242223,2846,47
cas_ldw,03-06-2022,07:42:30,13.011597,80.227305,2846,48
cas_fcw,03-06-2022,07:42:53,13.009495,80.227822,2846,31
cas_hmw,03-06-2022,07:44:57,13.010104,80.214982,2846,36
cas_hmw,03-06-2022,07:45:10,13.00984,80.214081,2846,38
cas_hmw,03-06-2022,07:45:24,13.009448,80.21307,2846,42
cas_hmw,03-06-2022,07:45:53,13.008316,80.210109,2846,55
cas_hmw,03-06-2022,07:46:14,13.007776,80.207418,2846,51
cas_hmw,03-06-2022,07:47:10,13.00493,80.201447,2846,29
cas_hmw,03-06-2022,07:47:38,13.002489,80.200604,2846,37
cas_hmw,03-06-2022,07:47:53,13.00178,80.199821,2846,45
cas_hmw,03-06-2022,07:49:49,12.999956,80.194167,2846,52
cas_fcw,03-06-2022,07:52:03,12.994164,80.185875,2846,11
cas_ldw,03-06-2022,07:52:52,12.99129,80.181223,2846,52
cas_hmw,03-06-2022,07:54:30,12.989046,80.17839,2846,46
cas_hmw,03-06-2022,07:55:03,12.98686,80.175367,2846,46
cas_hmw,03-06-2022,07:55:21,12.986173,80.174378,2846,46
cas_hmw,03-06-2022,07:55:23,12.986173,80.174378,2846,46
cas_hmw,03-06-2022,07:55:42,12.984023,80.171146,2846,50
cas_hmw,03-06-2022,07:55:45,12.984023,80.171146,2846,50
cas_hmw,03-06-2022,07:55:54,12.983366,80.170017,2846,52
cas_hmw,03-06-2022,07:56:10,12.981957,80.167627,2846,58
cas_hmw,03-06-2022,07:56:18,12.981957,80.167627,2846,58
cas_hmw,03-06-2022,07:57:05,12.980626,80.16528,2846,54
cas_hmw,03-06-2022,07:57:28,12.97775,80.159701,2846,48
cas_ldw,03-06-2022,07:57:39,12.976389,80.157698,2846,50
cas_hmw,03-06-2022,07:58:52,12.973788,80.153913,2846,36
cas_hmw,03-06-2022,08:00:05,12.972348,80.151788,2846,13
cas_hmw,03-06-2022,08:00:50,12.968973,80.149861,2846,37
cas_hmw,03-06-2022,08:01:40,12.966885,80.14893,2846,19
cas_hmw,03-06-2022,08:02:22,12.963839,80.147349,2846,54
cas_hmw,03-06-2022,08:03:23,12.961513,80.146125,2846,0
cas_hmw,03-06-2022,08:03:34,12.961075,80.14585,2846,29
cas_hmw,03-06-2022,08:03:44,12.960309,80.145419,2846,39
cas_hmw,03-06-2022,08:03:54,12.959322,80.144879,2846,44
cas_hmw,03-06-2022,08:04:04,12.95833,80.144356,2846,44
cas_hmw,03-06-2022,08:04:54,12.955953,80.143162,2846,20
cas_hmw,03-06-2022,08:06:09,12.952315,80.141002,2846,6
cas_hmw,03-06-2022,08:06:10,12.952093,80.140834,2846,17
cas_hmw,03-06-2022,08:06:13,12.952093,80.140834,2846,17
cas_fcw,03-06-2022,08:06:20,12.951521,80.140408,2846,31
cas_hmw,03-06-2022,08:06:35,12.950861,80.139923,2846,25
cas_hmw,03-06-2022,08:07:17,12.946755,80.136787,2846,48
cas_hmw,03-06-2022,08:07:24,12.946755,80.136787,2846,48
cas_hmw,03-06-2022,08:08:52,12.940061,80.130692,2846,53
cas_hmw,03-06-2022,08:09:14,12.938301,80.129087,2846,56
cas_hmw,03-06-2022,08:09:58,12.936014,80.127174,2846,29
cas_hmw,03-06-2022,08:10:02,12.936014,80.127174,2846,29
cas_hmw,03-06-2022,08:10:13,12.936014,80.127174,2846,29
cas_hmw,03-06-2022,08:10:48,12.932164,80.123495,2846,40
cas_hmw,03-06-2022,08:10:59,12.931475,80.122808,2846,36
cas_hmw,03-06-2022,08:11:04,12.931475,80.122808,2846,36
cas_hmw,03-06-2022,08:11:05,12.931475,80.122808,2846,36
cas_hmw,03-06-2022,08:11:06,12.931475,80.122808,2846,36
cas_hmw,03-06-2022,08:12:01,12.927394,80.1186,2846,48
cas_ldw,03-06-2022,08:13:46,12.918461,80.109146,2846,58
cas_hmw,03-06-2022,08:14:12,12.916299,80.10588,2846,51
cas_hmw,03-06-2022,08:14:36,12.915171,80.103814,2846,45
cas_hmw,03-06-2022,08:23:42,12.904707,80.095208,2846,30
cas_hmw,03-06-2022,08:24:24,12.902094,80.093067,2846,49
cas_hmw,03-06-2022,08:24:35,12.902094,80.093067,2846,49
cas_fcw,03-06-2022,08:24:43,12.900078,80.091588,2846,51
cas_ldw,03-06-2022,08:25:26,12.896266,80.088685,2846,42
cas_ldw,03-06-2022,08:25:32,12.895176,80.087869,2846,60
cas_ldw,03-06-2022,08:26:17,12.89187,80.08548,2846,53
cas_fcw,03-06-2022,08:26:57,12.885319,80.082701,2846,49
cas_hmw,03-06-2022,08:27:09,12.884294,80.082303,2846,33
cas_hmw,03-06-2022,08:27:18,12.883507,80.082089,2846,32
cas_hmw,03-06-2022,08:27:26,12.882693,80.081762,2846,36
cas_hmw,03-06-2022,08:29:33,12.878166,80.082977,2846,43
cas_hmw,03-06-2022,16:47:08,12.879064,80.080317,2846,14
cas_hmw,03-06-2022,16:48:30,12.885913,80.082742,2846,38
cas_hmw,03-06-2022,16:48:55,12.88794,80.083575,2846,44
cas_ldw,03-06-2022,16:49:23,12.890933,80.084886,2846,55
cas_hmw,03-06-2022,16:50:56,12.900382,80.091666,2846,56
cas_hmw,03-06-2022,16:51:46,12.903897,80.094237,2846,24
cas_hmw,03-06-2022,16:51:50,12.904454,80.094635,2846,29
cas_hmw,03-06-2022,16:52:10,12.905899,80.095714,2846,45
cas_hmw,03-06-2022,16:52:14,12.905899,80.095714,2846,45
cas_ldw,03-06-2022,16:56:03,12.915838,80.104455,2846,60
cas_hmw,03-06-2022,16:56:25,12.91693,80.106862,2846,47
cas_hmw,03-06-2022,16:56:57,12.918752,80.10939,2846,43
cas_hmw,03-06-2022,16:56:58,12.919306,80.110083,2846,29
cas_hmw,03-06-2022,16:57:00,12.919306,80.110083,2846,29
cas_hmw,03-06-2022,16:57:14,12.919784,80.110705,2846,36
cas_hmw,03-06-2022,16:58:29,12.924245,80.115315,2846,49
cas_hmw,03-06-2022,16:58:39,12.925155,80.11623,2846,52
cas_hmw,03-06-2022,16:58:39,12.925155,80.11623,2846,52
cas_hmw,03-06-2022,16:58:41,12.925155,80.11623,2846,52
cas_hmw,03-06-2022,17:02:25,12.92994,80.12102,2846,18
cas_hmw,03-06-2022,17:03:47,12.931463,80.122583,2846,10
cas_hmw,03-06-2022,17:03:48,12.931807,80.122914,2846,26
cas_hmw,03-06-2022,17:04:01,12.932365,80.123471,2846,33
cas_hmw,03-06-2022,17:05:36,12.936744,80.127506,2846,29
cas_hmw,03-06-2022,17:06:11,12.940249,80.130664,2846,55
cas_hmw,03-06-2022,17:07:22,12.942988,80.133496,2846,38
cas_hmw,03-06-2022,17:07:38,12.944852,80.13516,2846,54
cas_hmw,03-06-2022,17:08:00,12.947135,80.136906,2846,55
cas_ldw,03-06-2022,17:08:20,12.948215,80.137686,2846,52
cas_hmw,03-06-2022,17:10:04,12.955956,80.14297,2846,14
cas_hmw,03-06-2022,17:10:05,12.955956,80.14297,2846,14
cas_hmw,03-06-2022,17:10:06,12.955956,80.14297,2846,14
cas_hmw,03-06-2022,17:10:20,12.957118,80.143588,2846,31
cas_hmw,03-06-2022,17:10:20,12.957118,80.143588,2846,31
cas_hmw,03-06-2022,17:13:15,12.961166,80.145725,2846,19
cas_hmw,03-06-2022,17:13:35,12.962433,80.146422,2846,30
cas_hmw,03-06-2022,17:13:50,12.963183,80.146832,2846,39
cas_hmw,03-06-2022,17:14:24,12.966332,80.148471,2846,38
cas_hmw,03-06-2022,17:17:14,12.976769,80.157993,2846,36
cas_ldw,03-06-2022,17:17:40,12.978086,80.159999,2846,56
cas_ldw,03-06-2022,17:17:57,12.979698,80.162294,2846,49
cas_ldw,03-06-2022,17:18:30,12.981915,80.167362,2846,57
cas_hmw,03-06-2022,17:18:38,12.982667,80.168575,2846,56
cas_ldw,03-06-2022,17:18:59,12.984204,80.171221,2846,60
cas_hmw,03-06-2022,17:19:00,12.984204,80.171221,2846,60
cas_hmw,03-06-2022,17:23:19,12.99277,80.183102,2846,50
cas_hmw,03-06-2022,17:25:37,12.996259,80.189402,2846,55
cas_hmw,03-06-2022,17:25:40,12.997162,80.190472,2846,53
cas_hmw,03-06-2022,17:28:48,13.00214,80.197211,2846,45
cas_hmw,03-06-2022,17:29:22,13.002444,80.200517,2846,41
cas_hmw,03-06-2022,17:29:38,13.004429,80.2011,2846,37
cas_hmw,03-06-2022,17:29:42,13.004429,80.2011,2846,37
cas_hmw,03-06-2022,17:30:05,13.005992,80.202417,2846,49
cas_hmw,03-06-2022,17:30:18,13.007462,80.203635,2846,37
cas_hmw,03-06-2022,17:33:04,13.010238,80.21538,2846,33
cas_hmw,03-06-2022,17:33:06,13.010972,80.217182,2846,38
cas_hmw,03-06-2022,17:33:22,13.011694,80.218997,2846,41
cas_hmw,03-06-2022,17:34:23,13.012633,80.221511,2846,24
cas_hmw,03-06-2022,17:34:58,13.014755,80.224167,2846,39
cas_hmw,03-06-2022,17:35:12,13.015404,80.224979,2846,42
cas_hmw,03-06-2022,17:35:32,13.017376,80.225026,2846,45
cas_hmw,03-06-2022,17:35:37,13.017376,80.225026,2846,45
cas_hmw,03-06-2022,17:35:40,13.018391,80.224606,2846,32
cas_hmw,03-06-2022,17:36:35,13.019802,80.224494,2846,13
cas_hmw,03-06-2022,17:36:36,13.019802,80.224494,2846,13
cas_hmw,03-06-2022,17:37:06,13.021258,80.225609,2846,11
cas_hmw,03-06-2022,17:37:11,13.021739,80.225962,2846,35
cas_fcw,03-06-2022,17:38:36,13.024343,80.228432,2846,16
cas_hmw,03-06-2022,17:38:53,13.025281,80.229679,2846,36
cas_hmw,03-06-2022,17:41:56,13.027531,80.234496,2846,43
cas_hmw,03-06-2022,17:42:09,13.028675,80.236151,2846,38
cas_hmw,03-06-2022,17:44:57,13.031551,80.240594,2846,41
cas_hmw,03-06-2022,17:46:48,13.036955,80.246398,2846,40
cas_hmw,03-06-2022,17:56:12,13.04849,80.249506,2846,31
cas_hmw,03-06-2022,17:56:37,13.050153,80.249816,2846,37
cas_hmw,03-06-2022,17:56:49,13.050153,80.249816,2846,37
cas_hmw,03-06-2022,17:57:03,13.052511,80.251043,2846,31
cas_hmw,03-06-2022,17:58:36,13.055388,80.254952,2846,24
cas_hmw,03-06-2022,17:59:59,13.058295,80.258166,2846,25
cas_hmw,03-06-2022,18:00:00,13.058295,80.258166,2846,25
cas_hmw,03-06-2022,18:04:35,13.062082,80.262747,2846,15
cas_hmw,03-06-2022,18:04:36,13.062082,80.262747,2846,15
cas_hmw,03-06-2022,18:04:36,13.062082,80.262747,2846,15
cas_hmw,03-06-2022,18:06:29,13.067052,80.268587,2846,27
cas_pcw,03-06-2022,18:07:25,13.068214,80.270411,2846,22
cas_hmw,03-06-2022,18:08:12,13.067585,80.272744,2846,38
cas_hmw,03-06-2022,18:08:16,13.067585,80.272744,2846,38
cas_pcw,03-06-2022,18:09:21,13.066032,80.273773,2846,15
cas_pcw,03-06-2022,18:11:47,13.060968,80.274348,2846,0
cas_pcw,03-06-2022,18:12:33,13.059198,80.274276,2846,0
cas_pcw,03-06-2022,18:12:45,13.058988,80.274249,2846,1
cas_pcw,03-06-2022,18:13:00,13.058502,80.274151,2846,15
cas_pcw,03-06-2022,18:16:54,13.053038,80.272347,2846,10
cas_pcw,03-06-2022,18:17:05,13.053101,80.272036,2846,13
cas_pcw,03-06-2022,18:17:19,13.053197,80.271434,2846,0
cas_pcw,03-06-2022,18:17:36,13.053235,80.271135,2846,19
cas_pcw,03-06-2022,18:17:45,13.053282,80.27068,2846,7
cas_pcw,03-06-2022,18:19:34,13.053422,80.269115,2846,8
cas_hmw,03-06-2022,18:21:17,13.053845,80.264155,2846,48
cas_hmw,03-06-2022,18:21:43,13.054123,80.261229,2846,21
cas_hmw,03-06-2022,18:21:45,13.054123,80.261229,2846,21
cas_hmw,03-06-2022,18:21:45,13.054123,80.261229,2846,21
cas_hmw,03-06-2022,18:21:48,13.054188,80.260496,2846,27
cas_hmw,03-06-2022,18:21:48,13.054123,80.261229,2846,21
cas_hmw,03-06-2022,18:21:50,13.054188,80.260496,2846,27
cas_hmw,03-06-2022,18:21:53,13.054188,80.260496,2846,27
cas_hmw,03-06-2022,18:21:54,13.054188,80.260496,2846,27
cas_hmw,03-06-2022,18:22:21,13.054464,80.257679,2846,39
cas_hmw,03-06-2022,18:22:24,13.054464,80.257679,2846,39
cas_hmw,03-06-2022,18:22:29,13.054545,80.256635,2846,41
cas_fcw,03-06-2022,18:22:36,13.054545,80.256635,2846,41
cas_hmw,03-06-2022,18:23:33,13.053544,80.252675,2846,25
cas_hmw,03-06-2022,18:23:40,13.053544,80.252675,2846,25
cas_hmw,03-06-2022,18:24:01,13.052375,80.251035,2846,29
cas_hmw,03-06-2022,18:24:49,13.049187,80.249763,2846,40
cas_hmw,03-06-2022,18:29:21,13.041674,80.247525,2846,36
cas_pcw,03-06-2022,18:32:33,13.039618,80.247158,2846,13
cas_hmw,03-06-2022,18:33:08,13.038198,80.246816,2846,22
cas_hmw,03-06-2022,18:33:14,13.038198,80.246816,2846,22
cas_hmw,03-06-2022,18:33:17,13.038198,80.246816,2846,22
cas_hmw,03-06-2022,18:33:23,13.03736,80.246579,2846,39
cas_pcw,03-06-2022,18:36:13,13.033984,80.244694,2846,13
cas_hmw,03-06-2022,18:36:57,13.032337,80.242499,2846,48
cas_hmw,03-06-2022,18:37:02,13.031731,80.241314,2846,49
cas_hmw,03-06-2022,18:40:38,13.030863,80.239523,2846,28
cas_hmw,03-06-2022,18:40:42,13.030863,80.239523,2846,28
cas_hmw,03-06-2022,18:40:46,13.030863,80.239523,2846,28
cas_hmw,03-06-2022,18:40:50,13.030501,80.238868,2846,30
cas_hmw,03-06-2022,18:41:13,13.029513,80.237218,2846,45
cas_fcw,03-06-2022,18:41:28,13.027923,80.235403,2846,40
cas_hmw,03-06-2022,18:45:36,13.024578,80.229131,2846,5
cas_hmw,03-06-2022,18:46:01,13.022548,80.22678,2846,55
cas_ldw,03-06-2022,18:46:06,13.022548,80.22678,2846,55
cas_hmw,03-06-2022,18:46:35,13.019252,80.224487,2846,46
cas_hmw,03-06-2022,18:46:52,13.017547,80.225026,2846,31
cas_hmw,03-06-2022,18:46:54,13.017547,80.225026,2846,31
cas_hmw,03-06-2022,18:47:00,13.016648,80.225387,2846,36
cas_hmw,03-06-2022,18:47:06,13.016648,80.225387,2846,36
cas_hmw,03-06-2022,18:47:50,13.013958,80.226373,2846,29
cas_hmw,03-06-2022,18:48:08,13.01313,80.226683,2846,34
cas_hmw,03-06-2022,18:48:21,13.01109,80.2275,2846,53
cas_hmw,03-06-2022,18:51:02,13.011433,80.223037,2846,29
cas_fcw,03-06-2022,18:51:08,13.011675,80.222323,2846,36
cas_hmw,03-06-2022,18:53:29,13.010303,80.21594,2846,30
cas_fcw,03-06-2022,18:53:44,13.010114,80.21517,2846,31
cas_fcw,03-06-2022,18:55:15,13.00863,80.210923,2846,31
cas_hmw,03-06-2022,18:55:48,13.007911,80.208459,2846,28
cas_hmw,03-06-2022,18:55:57,13.007911,80.208459,2846,28
cas_pcw,03-06-2022,18:56:01,13.007769,80.207632,2846,33
cas_hmw,03-06-2022,18:56:47,13.007477,80.205824,2846,11
cas_fcw,03-06-2022,19:00:21,13.001689,80.199294,2846,36
cas_fcw,03-06-2022,19:00:24,13.001689,80.199294,2846,36
cas_fcw,03-06-2022,19:00:32,13.001821,80.198339,2846,31
cas_fcw,03-06-2022,19:00:40,13.001944,80.197522,2846,31
cas_hmw,03-06-2022,19:02:12,13.001072,80.195572,2846,40
cas_hmw,03-06-2022,19:02:20,13.000344,80.194654,2846,45
cas_fcw,03-06-2022,19:09:03,12.993886,80.185348,2846,25
cas_fcw,03-06-2022,19:09:12,12.99349,80.184638,2846,30
cas_hmw,03-06-2022,19:10:34,12.991145,80.181052,2846,27
cas_fcw,03-06-2022,19:10:43,12.990671,80.18044,2846,32
cas_hmw,03-06-2022,19:11:14,12.989584,80.179135,2846,12
cas_fcw,03-06-2022,19:11:18,12.98923,80.178686,2846,35
cas_hmw,03-06-2022,19:12:48,12.987072,80.175739,2846,26
cas_hmw,03-06-2022,19:12:53,12.987072,80.175739,2846,26
cas_hmw,03-06-2022,19:13:09,12.986312,80.174631,2846,25
cas_hmw,03-06-2022,19:13:29,12.985567,80.173556,2846,25
cas_hmw,03-06-2022,19:13:32,12.985567,80.173556,2846,25
cas_hmw,03-06-2022,19:13:38,12.985102,80.172881,2846,36
cas_hmw,03-06-2022,19:14:26,12.98402,80.171166,2846,17
cas_hmw,03-06-2022,19:14:34,12.983664,80.17055,2846,34
cas_ldw,03-06-2022,19:14:48,12.982661,80.168759,2846,51
cas_hmw,03-06-2022,19:14:49,12.982661,80.168759,2846,51
cas_hmw,03-06-2022,19:15:02,12.981997,80.167696,2846,44
cas_hmw,03-06-2022,19:15:25,12.980957,80.166041,2846,40
cas_hmw,03-06-2022,19:16:45,12.979286,80.161961,2846,33
cas_hmw,03-06-2022,19:16:54,12.978695,80.161163,2846,43
cas_pcw,03-06-2022,19:18:05,12.977384,80.159361,2846,0
cas_hmw,03-06-2022,19:24:29,12.97322,80.153039,2846,42
cas_hmw,03-06-2022,19:24:32,12.97322,80.153039,2846,42
cas_hmw,03-06-2022,19:24:39,12.972555,80.152077,2846,40
cas_hmw,03-06-2022,19:24:50,12.972058,80.151508,2846,25
cas_hmw,03-06-2022,19:24:51,12.972058,80.151508,2846,25
cas_hmw,03-06-2022,19:35:21,12.960578,80.14561,2846,33
cas_hmw,03-06-2022,19:35:53,12.957893,80.144146,2846,40
cas_hmw,03-06-2022,19:37:08,12.95535,80.142825,2846,26
cas_hmw,03-06-2022,19:38:29,12.95172,80.140576,2846,29
cas_hmw,03-06-2022,19:39:14,12.950698,80.139762,2846,5
cas_hmw,03-06-2022,19:39:16,12.950698,80.139762,2846,5
cas_hmw,03-06-2022,19:39:26,12.950228,80.139424,2846,32
cas_hmw,03-06-2022,19:39:46,12.948691,80.13814,2846,48
cas_hmw,03-06-2022,19:40:59,12.94192,80.132599,2846,40
cas_hmw,03-06-2022,19:41:06,12.94192,80.132599,2846,40
cas_hmw,03-06-2022,19:41:10,12.941253,80.131901,2846,35
cas_hmw,03-06-2022,19:41:33,12.940172,80.130786,2846,25
cas_hmw,03-06-2022,19:41:34,12.940172,80.130786,2846,25
cas_hmw,03-06-2022,19:41:34,12.940172,80.130786,2846,25
cas_hmw,03-06-2022,19:41:36,12.940172,80.130786,2846,25
cas_hmw,03-06-2022,19:41:39,12.939624,80.130255,2846,28
cas_fcw,03-06-2022,19:42:01,12.938366,80.129172,2846,41
cas_hmw,03-06-2022,19:43:02,12.934787,80.125998,2846,28
cas_hmw,03-06-2022,19:43:17,12.934146,80.125409,2846,40
cas_hmw,03-06-2022,19:43:45,12.932066,80.123387,2846,20
cas_hmw,03-06-2022,19:44:25,12.930333,80.121665,2846,27
cas_hmw,03-06-2022,19:44:26,12.930333,80.121665,2846,27
cas_hmw,03-06-2022,19:44:27,12.930333,80.121665,2846,27
cas_hmw,03-06-2022,19:44:50,12.928595,80.11985,2846,37
cas_fcw,03-06-2022,19:45:22,12.927219,80.118421,2846,30
cas_hmw,03-06-2022,19:45:50,12.926278,80.117505,2846,20
cas_hmw,03-06-2022,19:46:06,12.925025,80.116223,2846,35
cas_ldw,03-06-2022,19:47:00,12.922411,80.113605,2846,48
cas_ldw,03-06-2022,19:47:07,12.922411,80.113605,2846,48
cas_hmw,03-06-2022,19:47:21,12.920446,80.111583,2846,58
cas_ldw,03-06-2022,19:47:48,12.917993,80.108606,2846,56
cas_fcw,03-06-2022,19:48:31,12.916599,80.106432,2846,40
cas_fcw,03-06-2022,19:48:35,12.916599,80.106432,2846,40
cas_hmw,03-06-2022,19:49:07,12.914626,80.102824,2846,54
cas_hmw,03-06-2022,19:49:12,12.913882,80.101889,2846,37
cas_hmw,03-06-2022,19:49:26,12.913111,80.101566,2846,36
cas_hmw,03-06-2022,19:49:36,12.912094,80.10145,2846,41
cas_pcw,03-06-2022,19:51:10,12.909021,80.098886,2846,8
cas_hmw,03-06-2022,19:54:16,12.90628,80.096374,2846,8
cas_hmw,03-06-2022,19:54:17,12.90628,80.096374,2846,8
cas_hmw,03-06-2022,19:54:37,12.905368,80.095676,2846,20
cas_hmw,03-06-2022,19:54:40,12.904877,80.095338,2846,26
cas_hmw,03-06-2022,19:54:44,12.904877,80.095338,2846,26
cas_hmw,03-06-2022,19:54:45,12.904877,80.095338,2846,26
cas_hmw,03-06-2022,19:55:12,12.902846,80.093656,2846,37
cas_hmw,03-06-2022,19:55:23,12.902013,80.093026,2846,45
cas_hmw,03-06-2022,19:55:30,12.900977,80.092259,2846,51
cas_hmw,03-06-2022,19:55:41,12.900026,80.091554,2846,44
cas_fcw,03-06-2022,19:55:59,12.898111,80.090084,2846,45
cas_hmw,03-06-2022,19:56:38,12.896579,80.088948,2846,25
cas_hmw,03-06-2022,19:56:52,12.895961,80.088505,2846,31
cas_hmw,03-06-2022,19:56:55,12.895961,80.088505,2846,31
cas_hmw,03-06-2022,19:57:27,12.894216,80.087173,2846,42
cas_hmw,03-06-2022,19:59:08,12.883928,80.082225,2846,35
cas_fcw,03-06-2022,19:59:21,12.883002,80.081891,2846,44
cas_hmw,03-06-2022,19:59:37,12.882126,80.081533,2846,18
cas_hmw,03-06-2022,19:59:42,12.881579,80.081317,2846,28
cas_hmw,03-06-2022,19:59:43,12.881579,80.081317,2846,28
cas_hmw,03-06-2022,19:59:44,12.881579,80.081317,2846,28
cas_pcw,03-06-2022,20:03:42,12.876196,80.084086,2846,28
cas_pcw,04-06-2022,11:03:22,12.874286,80.08428,2846,0
cas_ldw,04-06-2022,17:22:36,12.885048,80.082165,2846,48
cas_ldw,04-06-2022,17:23:11,12.890092,80.084503,2846,57
cas_ldw,04-06-2022,17:23:18,12.890092,80.084503,2846,57
cas_fcw,04-06-2022,17:23:27,12.891431,80.085089,2846,58
cas_ldw,04-06-2022,17:24:53,12.901851,80.092774,2846,55
cas_hmw,04-06-2022,17:27:56,12.909627,80.099383,2846,36
cas_hmw,04-06-2022,17:29:22,12.913489,80.101499,2846,47
cas_hmw,04-06-2022,17:31:21,12.918168,80.108682,2846,47
cas_hmw,04-06-2022,17:31:35,12.918905,80.109586,2846,43
cas_hmw,04-06-2022,17:31:40,12.919623,80.11044,2846,41
cas_fcw,04-06-2022,17:31:55,12.92032,80.11121,2846,42
cas_hmw,04-06-2022,17:35:33,12.923155,80.123966,2846,50
cas_fcw,04-06-2022,17:39:16,12.932528,80.128199,2846,26
cas_hmw,04-06-2022,17:43:40,12.937601,80.136037,2846,25
cas_pcw,04-06-2022,17:44:27,12.942122,80.137983,2846,23
cas_pcw,04-06-2022,18:00:41,12.949718,80.140031,2846,8
cas_pcw,04-06-2022,18:09:09,12.937699,80.135,2846,23
cas_pcw,04-06-2022,18:11:42,12.933665,80.129261,2846,19
cas_pcw,04-06-2022,18:14:13,12.927228,80.126711,2846,12
cas_hmw,04-06-2022,18:17:21,12.923347,80.118726,2846,41
cas_hmw,04-06-2022,18:17:30,12.923502,80.117736,2846,37
cas_ldw,04-06-2022,18:18:55,12.920424,80.111644,2846,54
cas_ldw,04-06-2022,18:20:56,12.912552,80.101547,2846,55
cas_pcw,04-06-2022,18:22:21,12.909143,80.09904,2846,8
cas_ldw,04-06-2022,18:25:15,12.900931,80.092263,2846,58
cas_hmw,04-06-2022,18:25:23,12.899764,80.091373,2846,57
cas_hmw,04-06-2022,18:26:07,12.896707,80.089061,2846,26
cas_hmw,04-06-2022,18:26:39,12.89451,80.087446,2846,37
cas_hmw,04-06-2022,18:27:14,12.89234,80.085789,2846,38
cas_hmw,04-06-2022,18:27:26,12.890442,80.084827,2846,43
cas_hmw,04-06-2022,18:27:29,12.890442,80.084827,2846,43
cas_hmw,04-06-2022,18:27:41,12.88938,80.084414,2846,47
cas_ldw,06-06-2022,06:06:13,12.888844,80.083895,2846,48
cas_ldw,06-06-2022,06:06:54,12.893774,80.086679,2846,59
cas_ldw,06-06-2022,06:08:19,12.90416,80.094449,2846,50
cas_ldw,06-06-2022,06:08:37,12.905215,80.095234,2846,57
cas_hmw,06-06-2022,06:09:11,12.909245,80.098654,2846,36
cas_ldw,06-06-2022,06:10:37,12.915578,80.102853,2846,62
cas_ldw,06-06-2022,06:10:49,12.916319,80.10566,2846,54
cas_hmw,06-06-2022,06:10:57,12.916319,80.10566,2846,54
cas_ldw,06-06-2022,06:11:17,12.917246,80.107499,2846,37
cas_hmw,06-06-2022,06:11:25,12.917947,80.108424,2846,48
cas_hmw,06-06-2022,06:11:27,12.917947,80.108424,2846,48
cas_ldw,06-06-2022,06:11:39,12.919603,80.110498,2846,57
cas_ldw,06-06-2022,06:12:10,12.922657,80.113695,2846,57
cas_hmw,06-06-2022,06:12:24,12.923704,80.114732,2846,57
cas_hmw,06-06-2022,06:17:09,12.927793,80.118901,2846,26
cas_hmw,06-06-2022,06:18:55,12.93266,80.123788,2846,53
cas_hmw,06-06-2022,06:22:10,12.950918,80.139802,2846,27
cas_hmw,06-06-2022,06:22:21,12.951616,80.140324,2846,39
cas_hmw,06-06-2022,06:22:27,12.951616,80.140324,2846,39
cas_hmw,06-06-2022,06:22:33,12.952523,80.141,2846,46
cas_ldw,06-06-2022,06:22:41,12.953526,80.141648,2846,50
cas_hmw,06-06-2022,06:22:51,12.954767,80.142303,2846,57
cas_hmw,06-06-2022,06:22:57,12.954767,80.142303,2846,57
cas_hmw,06-06-2022,06:23:03,12.955997,80.142978,2846,54
cas_hmw,06-06-2022,06:23:32,12.95824,80.144175,2846,46
cas_hmw,06-06-2022,06:23:39,12.959437,80.144813,2846,60
cas_hmw,06-06-2022,06:24:07,12.963016,80.146756,2846,47
cas_hmw,06-06-2022,06:24:11,12.964084,80.14735,2846,43
cas_hmw,06-06-2022,06:24:15,12.964084,80.14735,2846,43
cas_ldw,06-06-2022,06:24:27,12.964931,80.147826,2846,38
cas_hmw,06-06-2022,06:28:36,12.986463,80.174635,2846,34
cas_hmw,06-06-2022,06:28:43,12.987019,80.17543,2846,33
cas_hmw,06-06-2022,06:29:12,12.988939,80.178044,2846,45
cas_hmw,06-06-2022,06:29:25,12.989628,80.1789,2846,40
cas_hmw,06-06-2022,06:29:38,12.99031,80.179849,2846,45
cas_ldw,06-06-2022,06:29:57,12.991832,80.181832,2846,50
cas_hmw,06-06-2022,06:31:10,12.992625,80.182947,2846,58
cas_hmw,06-06-2022,06:32:02,12.998379,80.191947,2846,52
cas_fcw,06-06-2022,06:32:55,13.001455,80.195865,2846,31
cas_hmw,06-06-2022,06:34:24,13.004535,80.201101,2846,34
cas_hmw,06-06-2022,06:34:33,13.005434,80.2016,2846,49
cas_hmw,06-06-2022,06:34:46,13.006148,80.202715,2846,45
cas_ldw,06-06-2022,06:35:56,13.007765,80.206432,2846,61
cas_hmw,06-06-2022,06:36:27,13.008455,80.210183,2846,49
cas_hmw,06-06-2022,06:36:50,13.009748,80.213676,2846,46
cas_hmw,06-06-2022,06:36:51,13.009748,80.213676,2846,46
cas_hmw,06-06-2022,06:37:18,13.010385,80.215955,2846,29
cas_hmw,06-06-2022,06:37:21,13.010385,80.215955,2846,29
cas_hmw,06-06-2022,06:37:23,13.010385,80.215955,2846,29
cas_ldw,06-06-2022,06:37:49,13.011735,80.219274,2846,63
cas_ldw,06-06-2022,06:40:25,13.023132,80.227186,2846,57
cas_ldw,06-06-2022,06:41:32,13.026754,80.233189,2846,54
cas_hmw,06-06-2022,06:41:47,13.026754,80.233189,2846,54
cas_ldw,06-06-2022,06:42:03,13.026754,80.233189,2846,54
cas_ldw,06-06-2022,06:42:05,13.026754,80.233189,2846,54
cas_hmw,06-06-2022,06:43:50,13.031015,80.23935,2846,0
cas_hmw,06-06-2022,06:43:55,13.031015,80.23935,2846,0
cas_hmw,06-06-2022,06:44:09,13.032005,80.241496,2846,41
cas_hmw,06-06-2022,06:44:21,13.033169,80.243294,2846,34
cas_hmw,06-06-2022,06:45:39,13.039314,80.246889,2846,30
cas_hmw,06-06-2022,06:46:06,13.04137,80.247242,2846,46
cas_hmw,06-06-2022,06:46:11,13.042543,80.247472,2846,48
cas_hmw,06-06-2022,06:48:45,13.05705,80.255062,2846,13
cas_fcw,06-06-2022,06:49:23,13.059361,80.25419,2846,31
cas_ldw,06-06-2022,06:49:35,13.059481,80.254169,2846,0
cas_hmw,06-06-2022,06:49:47,13.059986,80.254238,2846,33
cas_ldw,06-06-2022,06:50:05,13.061968,80.254379,2846,52
cas_hmw,06-06-2022,06:50:15,13.063175,80.254346,2846,45
cas_pcw,06-06-2022,07:05:14,13.065218,80.247813,2846,0
cas_hmw,06-06-2022,07:06:21,13.06147,80.247221,2846,31
cas_hmw,06-06-2022,07:08:36,13.06765,80.24985,2846,36
cas_fcw,06-06-2022,07:13:49,13.071168,80.265129,2846,6
cas_pcw,06-06-2022,07:22:08,13.052873,80.273629,2846,13
cas_pcw,06-06-2022,07:22:25,13.05289,80.273169,2846,15
cas_pcw,06-06-2022,07:23:12,13.05317,80.270664,2846,18
cas_pcw,06-06-2022,07:23:36,13.053288,80.269623,2846,18
cas_pcw,06-06-2022,07:24:02,13.053411,80.268849,2846,0
cas_hmw,06-06-2022,07:36:50,13.035845,80.246231,2846,0
cas_hmw,06-06-2022,07:39:14,13.029608,80.23734,2846,39
cas_hmw,06-06-2022,07:39:55,13.027187,80.234138,2846,38
cas_fcw,06-06-2022,07:40:13,13.026364,80.232718,2846,33
cas_hmw,06-06-2022,07:42:06,13.024139,80.228424,2846,32
cas_hmw,06-06-2022,07:42:24,13.022824,80.227068,2846,40
cas_pcw,06-06-2022,07:42:57,13.020449,80.225198,2846,36
cas_hmw,06-06-2022,07:45:28,13.011411,80.227392,2846,46
cas_hmw,06-06-2022,07:46:33,13.011131,80.223906,2846,29
cas_hmw,06-06-2022,07:47:49,13.010696,80.216778,2846,36
cas_hmw,06-06-2022,07:48:31,13.009711,80.213718,2846,48
cas_hmw,06-06-2022,07:49:06,13.008256,80.209776,2846,44
cas_hmw,06-06-2022,07:49:23,13.008025,80.208683,2846,43
cas_hmw,06-06-2022,07:50:36,13.007393,80.205487,2846,41
cas_hmw,06-06-2022,07:50:49,13.007393,80.205487,2846,41
cas_hmw,06-06-2022,07:50:50,13.007393,80.205487,2846,41
cas_hmw,06-06-2022,07:50:53,13.007393,80.205487,2846,41
cas_hmw,06-06-2022,07:50:57,13.00545,80.201908,2846,41
cas_hmw,06-06-2022,07:51:10,13.00545,80.201908,2846,41
cas_hmw,06-06-2022,07:51:18,13.002738,80.200704,2846,24
cas_hmw,06-06-2022,07:54:03,13.000443,80.194749,2846,46
cas_hmw,06-06-2022,07:54:24,12.994171,80.185869,2846,49
cas_hmw,06-06-2022,07:55:32,12.990728,80.18049,2846,57
cas_ldw,06-06-2022,07:57:19,12.984842,80.172462,2846,51
cas_ldw,06-06-2022,07:57:34,12.983415,80.170079,2846,55
cas_ldw,06-06-2022,07:57:48,12.982652,80.168826,2846,57
cas_ldw,06-06-2022,07:58:29,12.980102,80.163734,2846,53
cas_hmw,06-06-2022,07:59:17,12.976351,80.157585,2846,57
cas_hmw,06-06-2022,07:59:50,12.97497,80.155604,2846,28
cas_hmw,06-06-2022,08:00:05,12.974291,80.154656,2846,32
cas_hmw,06-06-2022,08:00:17,12.974291,80.154656,2846,32
cas_hmw,06-06-2022,08:01:31,12.971773,80.151236,2846,20
cas_hmw,06-06-2022,08:02:49,12.969391,80.150063,2846,41
cas_hmw,06-06-2022,08:02:50,12.968382,80.149587,2846,45
cas_hmw,06-06-2022,08:02:52,12.966516,80.148761,2846,40
cas_hmw,06-06-2022,08:03:25,12.961659,80.146195,2846,20
cas_hmw,06-06-2022,08:04:03,12.958405,80.144383,2846,46
cas_hmw,06-06-2022,08:08:24,12.945053,80.135439,2846,48
cas_hmw,06-06-2022,08:09:25,12.942698,80.133381,2846,0
cas_hmw,06-06-2022,08:09:49,12.94258,80.13327,2846,10
cas_hmw,06-06-2022,08:10:07,12.942425,80.133112,2846,16
cas_hmw,06-06-2022,08:10:13,12.942425,80.133112,2846,16
cas_hmw,06-06-2022,08:10:54,12.939653,80.130268,2846,42
cas_hmw,06-06-2022,08:11:00,12.938857,80.129551,2846,44
cas_hmw,06-06-2022,08:11:06,12.93734,80.128242,2846,14
cas_ldw,06-06-2022,08:12:20,12.930144,80.121418,2846,51
cas_hmw,06-06-2022,08:12:50,12.927287,80.118497,2846,43
cas_ldw,06-06-2022,08:15:58,12.925575,80.116775,2846,37
cas_ldw,06-06-2022,08:16:18,12.924782,80.115989,2846,49
cas_hmw,06-06-2022,08:21:46,12.913708,80.101766,2846,23
cas_hmw,06-06-2022,08:21:53,12.912003,80.101445,2846,36
cas_ldw,06-06-2022,08:26:14,12.90171,80.09282,2846,39
cas_hmw,06-06-2022,08:28:05,12.892278,80.085732,2846,43
cas_ldw,06-06-2022,08:28:17,12.891275,80.085162,2846,47
cas_hmw,06-06-2022,08:28:24,12.890135,80.084662,2846,51
cas_pcw,06-06-2022,13:17:55,12.8754,80.084691,2846,6
cas_pcw,06-06-2022,15:44:17,12.873944,80.084847,2846,0
cas_pcw,06-06-2022,15:44:45,12.874656,80.084418,2846,12
cas_pcw,06-06-2022,15:44:54,12.874989,80.084622,2846,14
cas_ldw,06-06-2022,16:37:49,12.879514,80.080063,2846,24
cas_ldw,06-06-2022,16:38:18,12.8804,80.080419,2846,9
cas_ldw,06-06-2022,16:39:21,12.881187,80.080613,2846,0
cas_hmw,06-06-2022,16:39:26,12.881299,80.080624,2846,11
cas_hmw,06-06-2022,16:43:06,12.911098,80.101092,2846,8
cas_hmw,06-06-2022,16:44:27,12.917232,80.107489,2846,29
cas_ldw,06-06-2022,16:45:09,12.920523,80.111528,2846,51
cas_hmw,06-06-2022,16:48:57,12.928402,80.119464,2846,23
cas_hmw,06-06-2022,16:49:00,12.928402,80.119464,2846,23
cas_hmw,06-06-2022,16:49:53,12.929737,80.120772,2846,13
cas_hmw,06-06-2022,16:50:31,12.930137,80.121175,2846,22
cas_hmw,06-06-2022,16:50:55,12.933964,80.124986,2846,43
cas_hmw,06-06-2022,16:51:09,12.933964,80.124986,2846,43
cas_hmw,06-06-2022,16:52:04,12.937578,80.128259,2846,39
cas_hmw,06-06-2022,16:52:06,12.937578,80.128259,2846,39
cas_hmw,06-06-2022,16:54:17,12.946762,80.136633,2846,46
cas_hmw,06-06-2022,16:56:11,12.950952,80.139808,2846,24
cas_hmw,06-06-2022,16:56:16,12.951901,80.140527,2846,30
cas_hmw,06-06-2022,16:58:54,12.960846,80.145549,2846,0
cas_hmw,06-06-2022,16:59:05,12.960846,80.145549,2846,0
cas_hmw,06-06-2022,16:59:18,12.960893,80.145572,2846,8
cas_hmw,06-06-2022,17:01:02,12.969961,80.150328,2846,57
cas_hmw,06-06-2022,17:03:35,12.979551,80.162135,2846,53
cas_hmw,06-06-2022,17:10:21,12.996098,80.189292,2846,5
cas_hmw,06-06-2022,17:10:32,12.996642,80.189902,2846,34
cas_hmw,06-06-2022,17:11:45,12.999805,80.193776,2846,41
cas_hmw,06-06-2022,17:11:46,12.999805,80.193776,2846,41
cas_hmw,06-06-2022,17:11:55,12.999805,80.193776,2846,41
cas_hmw,06-06-2022,17:12:00,13.00114,80.195399,2846,10
cas_hmw,06-06-2022,17:12:22,13.001525,80.195907,2846,23
cas_ldw,06-06-2022,17:13:16,13.001907,80.198659,2846,43
cas_hmw,06-06-2022,17:13:18,13.001907,80.198659,2846,43
cas_hmw,06-06-2022,17:15:23,13.008185,80.209271,2846,32
cas_hmw,06-06-2022,17:15:33,13.008185,80.209271,2846,32
cas_hmw,06-06-2022,17:15:48,13.008727,80.210897,2846,44
cas_hmw,06-06-2022,17:15:54,13.009336,80.212542,2846,45
cas_hmw,06-06-2022,17:16:08,13.009336,80.212542,2846,45
cas_ldw,06-06-2022,17:16:26,13.010212,80.215329,2846,35
cas_hmw,06-06-2022,17:23:53,13.025763,80.230478,2846,0
cas_hmw,06-06-2022,17:24:27,13.026215,80.23199,2846,35
cas_hmw,06-06-2022,17:28:31,13.032996,80.243147,2846,7
cas_hmw,06-06-2022,17:34:59,13.043596,80.247678,2846,20
cas_hmw,06-06-2022,17:36:26,13.045256,80.247964,2846,9
cas_pcw,06-06-2022,17:40:07,13.057434,80.257713,2846,5
cas_hmw,06-06-2022,17:40:24,13.057105,80.25774,2846,7
cas_hmw,06-06-2022,17:41:52,13.054441,80.25853,2846,12
cas_hmw,06-06-2022,17:41:55,13.054384,80.259538,2846,21
cas_hmw,06-06-2022,17:41:55,13.054384,80.259538,2846,21
cas_hmw,06-06-2022,17:42:28,13.054135,80.261461,2846,20
cas_pcw,06-06-2022,17:43:21,13.053828,80.264857,2846,35
cas_pcw,06-06-2022,17:43:59,13.053698,80.266259,2846,33
cas_pcw,06-06-2022,17:44:09,13.053698,80.266259,2846,33
cas_pcw,06-06-2022,17:45:44,13.053354,80.270354,2846,15
cas_pcw,06-06-2022,17:47:09,13.053119,80.272172,2846,5
cas_pcw,06-06-2022,17:48:51,13.055147,80.273756,2846,2
cas_pcw,06-06-2022,17:48:59,13.056124,80.273803,2846,0
cas_pcw,06-06-2022,17:49:11,13.056124,80.273803,2846,0
cas_pcw,06-06-2022,17:49:28,13.056207,80.273796,2846,3
cas_pcw,06-06-2022,17:49:36,13.056207,80.273796,2846,3
cas_pcw,06-06-2022,17:49:44,13.056475,80.273835,2846,4
cas_pcw,06-06-2022,17:50:42,13.059285,80.274176,2846,7
cas_pcw,06-06-2022,17:51:54,13.062161,80.274226,2846,20
cas_pcw,06-06-2022,17:52:28,13.062754,80.274141,2846,22
cas_pcw,06-06-2022,17:56:44,13.066447,80.268488,2846,0
cas_pcw,06-06-2022,17:56:50,13.066447,80.268488,2846,0
cas_pcw,06-06-2022,17:57:03,13.066486,80.268485,2846,2
cas_hmw,06-06-2022,18:02:04,13.070382,80.257879,2846,31
cas_hmw,06-06-2022,18:04:25,13.067282,80.254806,2846,9
cas_hmw,06-06-2022,18:04:56,13.067173,80.254645,2846,2
cas_pcw,06-06-2022,18:06:36,13.067799,80.252297,2846,33
cas_hmw,07-06-2022,07:01:58,13.061799,80.246379,2846,25
cas_pcw,07-06-2022,07:12:26,13.072338,80.263621,2846,27
cas_pcw,07-06-2022,07:16:28,13.066896,80.273646,2846,24
cas_pcw,07-06-2022,07:19:01,13.060376,80.274307,2846,23
cas_pcw,07-06-2022,07:19:54,13.058254,80.274102,2846,24
cas_pcw,07-06-2022,07:20:11,13.057252,80.273949,2846,17
cas_pcw,07-06-2022,07:21:32,13.055058,80.273786,2846,20
cas_pcw,07-06-2022,07:22:20,13.052928,80.273358,2846,20
cas_pcw,07-06-2022,07:22:31,13.052992,80.272732,2846,16
cas_pcw,07-06-2022,07:23:02,13.053108,80.271839,2846,11
cas_pcw,07-06-2022,07:23:09,13.053131,80.271488,2846,21
cas_pcw,07-06-2022,07:23:14,13.053131,80.271488,2846,21
cas_pcw,07-06-2022,07:23:46,13.053284,80.269671,2846,16
cas_pcw,07-06-2022,07:25:16,13.053569,80.26731,2846,15
cas_hmw,07-06-2022,07:29:05,13.054654,80.254301,2846,24
cas_hmw,07-06-2022,07:34:43,13.042306,80.24757,2846,29
cas_hmw,07-06-2022,07:35:12,13.040741,80.247276,2846,35
cas_hmw,07-06-2022,07:36:41,13.035623,80.246159,2846,21
cas_hmw,07-06-2022,07:36:53,13.035102,80.246008,2846,23
cas_hmw,07-06-2022,07:36:56,13.033982,80.244685,2846,33
cas_hmw,07-06-2022,07:37:01,13.033495,80.244013,2846,31
cas_hmw,07-06-2022,07:45:37,13.0144,80.226204,2846,29
cas_hmw,07-06-2022,07:47:20,13.011131,80.223975,2846,38
cas_hmw,07-06-2022,07:47:26,13.011489,80.2231,2846,36
cas_hmw,07-06-2022,07:48:08,13.011663,80.219355,2846,37
cas_fcw,07-06-2022,07:48:27,13.011064,80.217641,2846,33
cas_hmw,07-06-2022,07:48:41,13.010736,80.216872,2846,30
cas_hmw,07-06-2022,07:48:42,13.010736,80.216872,2846,30
cas_hmw,07-06-2022,07:48:43,13.010736,80.216872,2846,30
cas_hmw,07-06-2022,07:49:03,13.010152,80.215529,2846,24
cas_ldw,07-06-2022,07:49:10,13.010152,80.215529,2846,24
cas_ldw,07-06-2022,07:50:19,13.007966,80.208432,2846,47
cas_hmw,07-06-2022,07:51:20,13.005267,80.201735,2846,47
cas_hmw,07-06-2022,07:51:36,13.003608,80.200979,2846,30
cas_hmw,07-06-2022,07:51:48,13.002844,80.200721,2846,33
cas_hmw,07-06-2022,07:52:12,13.001702,80.199401,2846,42
cas_hmw,07-06-2022,07:52:58,13.000235,80.194524,2846,43
cas_hmw,07-06-2022,07:54:31,12.995333,80.188183,2846,33
cas_hmw,07-06-2022,07:55:17,12.994054,80.185685,2846,22
cas_hmw,07-06-2022,07:55:18,12.994054,80.185685,2846,22
cas_hmw,07-06-2022,07:55:30,12.993707,80.185032,2846,34
cas_hmw,07-06-2022,07:57:28,12.992198,80.182455,2846,37
cas_fcw,07-06-2022,07:58:43,12.992198,80.182455,2846,37
cas_hmw,07-06-2022,07:58:57,12.992198,80.182455,2846,37
cas_hmw,07-06-2022,07:59:05,12.992198,80.182455,2846,37
cas_hmw,07-06-2022,07:59:19,12.992198,80.182455,2846,37
cas_hmw,07-06-2022,07:59:36,12.992198,80.182455,2846,37
cas_hmw,07-06-2022,07:59:41,12.992198,80.182455,2846,37
cas_hmw,07-06-2022,07:59:43,12.992198,80.182455,2846,37
cas_hmw,07-06-2022,07:59:46,12.992198,80.182455,2846,37
cas_hmw,07-06-2022,08:00:01,12.992198,80.182455,2846,37
cas_hmw,07-06-2022,08:00:23,12.992198,80.182455,2846,37
cas_hmw,07-06-2022,08:00:41,12.992198,80.182455,2846,37
cas_ldw,07-06-2022,08:01:19,12.992198,80.182455,2846,37
cas_hmw,07-06-2022,08:03:05,12.992198,80.182455,2846,37
cas_ldw,07-06-2022,08:05:33,12.992198,80.182455,2846,37
cas_fcw,07-06-2022,08:05:48,12.992198,80.182455,2846,37
cas_fcw,07-06-2022,08:07:25,12.955225,80.142704,2846,32
cas_fcw,07-06-2022,08:07:33,12.954478,80.142307,2846,31
cas_ldw,07-06-2022,08:08:49,12.950445,80.139663,2846,21
cas_hmw,07-06-2022,08:10:15,12.944074,80.134691,2846,20
cas_hmw,07-06-2022,08:10:44,12.942912,80.133632,2846,38
cas_ldw,07-06-2022,08:12:27,12.934171,80.125402,2846,62
cas_hmw,07-06-2022,08:14:00,12.930576,80.121848,2846,42
cas_ldw,07-06-2022,08:14:55,12.925604,80.116792,2846,47
cas_hmw,07-06-2022,08:15:08,12.923805,80.114987,2846,46
cas_hmw,07-06-2022,08:15:24,12.923151,80.114343,2846,34
cas_hmw,07-06-2022,08:15:44,12.92152,80.112679,2846,51
cas_hmw,07-06-2022,08:17:37,12.9164,80.106071,2846,41
cas_hmw,07-06-2022,08:17:44,12.9164,80.106071,2846,41
cas_fcw,07-06-2022,08:18:54,12.911179,80.101344,2846,36
cas_hmw,07-06-2022,08:20:57,12.903953,80.094638,2846,39
cas_hmw,07-06-2022,08:21:03,12.903953,80.094638,2846,39
cas_hmw,07-06-2022,08:21:37,12.900529,80.091904,2846,52
cas_ldw,07-06-2022,08:23:26,12.890042,80.084604,2846,56
cas_ldw,07-06-2022,08:23:32,12.890042,80.084604,2846,56
cas_hmw,07-06-2022,08:30:39,12.878652,80.0817,2846,29
cas_hmw,07-06-2022,08:30:54,12.878652,80.0817,2846,29
cas_ldw,07-06-2022,16:37:23,12.884903,80.082021,2846,45
cas_hmw,07-06-2022,16:37:43,12.887024,80.083209,2846,57
cas_ldw,07-06-2022,16:38:00,12.888342,80.083777,2846,58
cas_ldw,07-06-2022,16:38:21,12.893182,80.086206,2846,60
cas_ldw,07-06-2022,16:38:57,12.89787,80.089764,2846,57
cas_hmw,07-06-2022,16:39:45,12.903175,80.093826,2846,36
cas_hmw,07-06-2022,16:47:33,12.921658,80.112529,2846,44
cas_hmw,07-06-2022,16:47:42,12.922452,80.113325,2846,43
cas_hmw,07-06-2022,16:49:12,12.92371,80.1174,2846,35
cas_hmw,07-06-2022,16:51:10,12.923061,80.125512,2846,19
cas_hmw,07-06-2022,16:52:50,12.922828,80.130521,2846,29
cas_hmw,07-06-2022,16:54:12,12.922646,80.135086,2846,11
cas_hmw,07-06-2022,16:54:16,12.922613,80.135628,2846,27
cas_hmw,07-06-2022,16:54:18,12.922613,80.135628,2846,27
cas_hmw,07-06-2022,16:54:24,12.922613,80.135628,2846,27
cas_hmw,07-06-2022,16:54:25,12.922613,80.135628,2846,27
cas_hmw,07-06-2022,16:54:31,12.922613,80.135628,2846,27
cas_hmw,07-06-2022,16:54:32,12.922561,80.136435,2846,31
cas_hmw,07-06-2022,16:54:34,12.922561,80.136435,2846,31
cas_hmw,07-06-2022,16:55:33,12.92246,80.138513,2846,24
cas_hmw,07-06-2022,16:57:11,12.922567,80.143893,2846,31
cas_hmw,07-06-2022,16:57:14,12.922567,80.143893,2846,31
cas_ldw,07-06-2022,16:58:17,12.92269,80.149136,2846,41
cas_ldw,07-06-2022,17:00:43,12.923528,80.158415,2846,57
cas_hmw,07-06-2022,17:01:41,12.921624,80.165548,2846,45
cas_hmw,07-06-2022,17:01:46,12.921624,80.165548,2846,45
cas_ldw,07-06-2022,17:03:01,12.919134,80.173724,2846,47
cas_ldw,07-06-2022,17:03:21,12.918825,80.174962,2846,53
cas_pcw,07-06-2022,17:09:40,12.933074,80.181794,2846,14
cas_pcw,07-06-2022,17:16:29,12.9512,80.185876,2846,9
cas_pcw,07-06-2022,17:17:43,12.955127,80.186705,2846,16
cas_pcw,07-06-2022,17:21:33,12.96096,80.187209,2846,0
cas_pcw,07-06-2022,17:25:00,12.965042,80.193199,2846,11
cas_pcw,07-06-2022,17:26:09,12.964651,80.19601,2846,10
cas_pcw,07-06-2022,17:26:59,12.96479,80.197326,2846,30
cas_pcw,07-06-2022,17:28:31,12.965335,80.201343,2846,24
cas_hmw,07-06-2022,17:36:22,12.976836,80.222511,2846,35
cas_pcw,07-06-2022,17:36:57,12.978324,80.224858,2846,26
cas_hmw,07-06-2022,17:41:44,12.976948,80.223017,2846,34
cas_hmw,07-06-2022,17:43:09,12.973744,80.220136,2846,32
cas_hmw,07-06-2022,17:43:37,12.971763,80.219294,2846,20
cas_hmw,07-06-2022,17:43:50,12.971095,80.218974,2846,34
cas_hmw,07-06-2022,17:44:20,12.967959,80.217703,2846,39
cas_hmw,07-06-2022,17:45:11,12.963839,80.2161,2846,15
cas_hmw,07-06-2022,17:48:46,12.952591,80.211598,2846,36
cas_ldw,07-06-2022,17:54:52,12.948664,80.203462,2846,56
cas_hmw,07-06-2022,17:55:26,12.948532,80.199353,2846,39
cas_hmw,07-06-2022,17:55:27,12.948532,80.199353,2846,39
cas_hmw,07-06-2022,17:55:51,12.948473,80.197616,2846,40
cas_hmw,07-06-2022,17:55:57,12.948498,80.19653,2846,43
cas_hmw,07-06-2022,18:04:59,12.949896,80.179797,2846,33
cas_hmw,07-06-2022,18:05:16,12.950263,80.178324,2846,40
cas_hmw,07-06-2022,18:06:21,12.951552,80.172751,2846,41
cas_hmw,07-06-2022,18:06:41,12.951862,80.170944,2846,38
cas_ldw,07-06-2022,18:07:04,12.952528,80.167595,2846,48
cas_hmw,07-06-2022,18:07:34,12.953453,80.163667,2846,27
cas_hmw,07-06-2022,18:07:58,12.953728,80.162298,2846,42
cas_hmw,07-06-2022,18:09:25,12.95501,80.156201,2846,50
cas_hmw,07-06-2022,18:09:51,12.956224,80.152264,2846,52
cas_hmw,07-06-2022,18:10:33,12.959162,80.149808,2846,42
